<?xml version="1.0" encoding="UTF-8"?>

<!--
 Licensed to the Apache Software Foundation (ASF) under one or more
 contributor license agreements.  See the NOTICE file distributed with
 this work for additional information regarding copyright ownership.
 The ASF licenses this file to You under the Apache License, Version 2.0
 (the "License"); you may not use this file except in compliance with
 the License.  You may obtain a copy of the License at

     http://www.apache.org/licenses/LICENSE-2.0

 Unless required by applicable law or agreed to in writing, software
 distributed under the License is distributed on an "AS IS" BASIS,
 WITHOUT WARRANTIES OR CONDITIONS OF ANY KIND, either express or implied.
 See the License for the specific language governing permissions and
 limitations under the License.
-->

<!-- Temporarily, this ex-Taste build file is separate.
  Next step is to integrate it. -->

<project basedir="." name="mahout-taste">

  <property file="build.properties"/>

  <property name="axis.jars" location="lib/axis/"/>
  <property name="dbcp.jar" location="lib/commons-dbcp-1.2.2.jar"/>
  <property name="junit.jar" location="../lib/junit-3.8.2.jar"/>
  <property name="pool.jar" location="lib/commons-pool-1.4.jar"/>
  <property name="servlet.jar" location="lib/servlet-api.jar"/>
  <property name="hadoop.jar" location="lib/hadoop-0.19.1-core.jar"/>
  <property name="slf4j-api.jar" location="lib/slf4j-api-1.5.6.jar"/>
  <property name="slf4j.jar" location="lib/slf4j-jcl-1.5.6.jar"/>
  <property name="commons-logging.jar" location="lib/commons-logging-1.1.1.jar"/>
  <property name="uncommons-math.jar" location="lib/uncommons-maths-1.0.2.jar"/>

  <property environment="env"/>
  <property name="name" value="${ant.project.name}"/>
  <property name="release-jar" value="dist/apache-mahout-core-0.1-dev.jar"/>
  <property name="release-war" value="${name}.war"/>

  <target name="init">
    <tstamp/>
    <available type="dir" file="${axis.jars}" property="axis.jars.present"/>
  </target>

  <target depends="init" name="build-server" description="Builds deployable web-based Taste server">
    <fail unless="my-recommender.jar" message="Please set -Dmy-recommender.jar=XXX"/>
    <fail unless="my-recommender-class" message="Please set -Dmy-recommender-class=XXX"/>
    <fail unless="axis.jars.present" message="Please copy all Axis Java 1.4 .jar files from its lib directory into ${axis.jars}"/>
    <tempfile property="my-web.xml"/>
    <copy file="src/main/java/org/apache/mahout/cf/taste/web/web.xml" tofile="${my-web.xml}">
      <filterset>
        <filter token="RECOMMENDER_CLASS" value="${my-recommender-class}"/>
      </filterset>
    </copy>
    <war destfile="${release-war}" webxml="${my-web.xml}">
      <lib dir=".">
        <include name="${release-jar}"/>
        <include name="${slf4j-api.jar}"/>
        <include name="${slf4j.jar}"/>
        <include name="${commons-logging.jar}"/>
        <include name="${uncommons-math.jar}"/>          
        <include name="${my-recommender.jar}"/>
      </lib>
      <lib dir="${axis.jars}"/>
      <classes dir="build">
        <include name="org/apache/mahout/cf/taste/web/**"/>
      </classes>
      <fileset dir="src/main/java/org/apache/mahout/cf/taste/web">
        <include name="RecommenderService.jws"/>
      </fileset>
    </war>
    <delete file="${my-web.xml}"/>
  </target>

  <target depends="init" name="build-grouplens-example" description="Builds deployable GroupLens example">
    <property name="examples-base" value="../examples/src/main/java"/>
    <property name="grouplens-location" value="${examples-base}/org/apache/mahout/cf/taste/example/grouplens"/>
    <fail message="Please download and install the GroupLens .dat files to ${grouplens-location}">
      <condition>
        <not>
          <and>
            <available type="file" file="${grouplens-location}/ratings.dat"/>
            <available type="file" file="${grouplens-location}/movies.dat"/>
          </and>
        </not>
      </condition>
    </fail>
    <javac source="6"
           target="6"
           deprecation="true"
           debug="true"
           optimize="true"
           destdir="build"
           srcdir="${examples-base}">
      <compilerarg value="-Xlint:all,-serial"/>
      <classpath>
        <pathelement location="${release-jar}"/>
        <pathelement location="${slf4j-api.jar}"/>          
      </classpath>
      <include name="org/apache/mahout/cf/taste/example/grouplens/**"/>
    </javac>
    <jar jarfile="grouplens.jar">
      <fileset dir="${examples-base}">
        <include name="**/*.dat"/>
      </fileset>
      <fileset dir="build">
        <include name="org/apache/mahout/cf/taste/example/grouplens/**"/>
      </fileset>
    </jar>
    <property name="my-recommender.jar" value="grouplens.jar"/>
    <property name="my-recommender-class" value="org.apache.mahout.cf.taste.example.grouplens.GroupLensRecommender"/>
    <antcall target="build-server"/>
  </target>

  <target depends="build-grouplens-example" name="eval-grouplens-example"
          description="Evaluates current GroupLens example Recommender">
    <java classname="org.apache.mahout.cf.taste.example.grouplens.GroupLensRecommenderEvaluatorRunner" fork="true">
      <assertions>
        <disable/>
      </assertions>
      <jvmarg line="-server"/>
      <jvmarg line="-Xmx1024m"/>
      <classpath>
        <pathelement location="${release-jar}"/>
        <pathelement location="grouplens.jar"/>
      </classpath>
    </java>
  </target>

  <target depends="init" name="clean" description="Deletes build products">
    <delete dir="build"/>
    <delete dir="build-test"/>
    <delete dir="docs/javadoc"/>
    <delete file="${release-war}"/>
    <delete>
      <fileset dir=".">
        <include name="mahout*.jar"/>
      </fileset>
    </delete>
  </target>

</project>
